	BS Knotted T-Shirt Small	0.00	$0.00	$0.00	0.00	$0.00	$0.00	0.00	$0.00
	BS Knotted T-Shirt Medium	1.00	$23.90	$23.90	1.00	$120.00	$120.00	0.00	$0.00
	BS Knotted T-Shirt Large	4.00	$173.20	$43.30	1.00	$120.00	$120.00	3.00	$129.90
	BS Knotted T-Shirt X-Large	0.00	$0.00	$0.00	0.00	$0.00	$0.00	0.00	$0.00
	BS White Logo T-Shirt Small	0.00	$0.00	$0.00	0.00	$0.00	$0.00	0.00	$0.00
	BS White Logo T-Shirt Medium	0.00	$0.00	$0.00	0.00	$0.00	$0.00	0.00	$0.00
	BS White Logo T-Shirt Large	0.00	$0.00	$0.00	0.00	$0.00	$0.00	0.00	$0.00
	BS White Logo T-Shirt X-Large	0.00	$0.00	$0.00	0.00	$0.00	$0.00	0.00	$0.00
	BS Green Logo T-Shirt Small	0.00	$0.00	$0.00	0.00	$0.00	$0.00	0.00	$0.00
	BS Green Logo T-Shirt Medium	3.00	$129.90	$43.30	2.00	$0.00	$0.00	1.00	$43.30
	BS Green Logo T-Shirt Large	0.00	$0.00	$0.00	0.00	$0.00	$0.00	0.00	$0.00
	BS Green Logo T-Shirt X-Large	0.00	$0.00	$0.00	0.00	$0.00	$0.00	0.00	$0.00
	ENEMY Lim Ed T-Shirt Small	0.00	$0.00	$0.00	0.00	$0.00	$0.00	0.00	$0.00
	ENEMY Lim Ed T-Shirt Medium	0.00	$0.00	$0.00	0.00	$0.00	$0.00	0.00	$0.00
	ENEMY Lim Ed T-Shirt Large	5.00	$775.00	$155.00	0.00	$0.00	$0.00	5.00	$775.00
	ENEMY Lim Ed T-Shirt X-Large	6.00	$930.00	$155.00	1.00	$200.00	$200.00	5.00	$775.00
	3 Colour Goat T-Shirt Small	4.00	$173.20	$43.30	1.00	$140.00	$140.00	3.00	$129.90
	3 Colour Goat T-Shirt Medium	3.00	$129.90	$43.30	3.00	$420.00	$140.00	0.00	$0.00
	3 Colour Goat T-Shirt Large	0.00	$0.00	$0.00	0.00	$0.00	$0.00	0.00	$0.00
	3 Colour Goat T-Shirt X-Large	1.00	$43.30	$43.30	1.00	$140.00	$140.00	0.00	$0.00
	3 Colour Goat L/S Small	0.00	$0.00	$0.00	0.00	$0.00	$0.00	0.00	$0.00
	3 Colour Goat L/S Medium	0.00	$0.00	$0.00	0.00	$0.00	$0.00	0.00	$0.00
	3 Colour Goat L/S Large	0.00	$0.00	$0.00	0.00	$0.00	$0.00	0.00	$0.00
	3 Colour Goat L/S X-Large	3.00	$147.00	$49.00	2.00	$160.00	$80.00	1.00	$49.00
	BS Keyrings	9.00	$67.50	$7.50	9.00	$120.00	$12.00	0.00	$0.00
	Knotted EP	68.00	$0.00	$0.00	3.00	$0.00	$0.00	65.00	$0.00
	Enemy EP	226.00	$2,599.00	$11.50	4.00	$0.00	$0.00	222.00	$2,553.00
	BS White Logo Vest Small	0.00	$0.00	$0.00	0.00	$0.00	$0.00	0.00	$0.00
	BS White Logo Vest Medium	0.00	$0.00	$0.00	0.00	$0.00	$0.00	0.00	$0.00
	BS White Logo Vest Large	1.00	$0.00	$0.00	1.00	$100.00	$100.00	0.00	$0.00
	BS White Logo Vest XL	0.00	$0.00	$0.00	0.00	$0.00	$0.00	0.00	$0.00
	BS Knotted Blue Small	4.00	$95.60	$23.90	0.00	$0.00	$0.00	4.00	$95.60
	BS Knotted Blue Medium	5.00	$119.50	$23.90	1.00	$50.00	$50.00	4.00	$95.60
	BS Knotted Blue Large	0.00	$0.00	$0.00	0.00	$0.00	$0.00	0.00	$0.00
	BS Knotted Blue XL	0.00	$0.00	$0.00	0.00	$0.00	$0.00	0.00	$0.00	